Category,Feature
Core Features,Real-time video content scanning
Core Features,Account authenticity verification
Core Features,Scam pattern recognition
Core Features,Risk scoring system
Core Features,User reporting and feedback
Core Features,Alert and notification system
Core Features,Detailed fraud analysis reports
Core Features,Integration with TikTok data
Core Features,Machine learning model training
Core Features,Fraud trend tracking
UI Features,Simple video URL input
UI Features,Batch scanning capabilities
UI Features,Interactive risk dashboard
UI Features,Educational content about scams
UI Features,Reporting mechanisms
UI Features,User safety tips
UI Features,Fraud alert settings
UI Features,Search and filter functionality
UI Features,Historical scan results
UI Features,Community-driven scam database
Technical Features,API integration with TikTok
Technical Features,Cloud-based processing
Technical Features,Real-time analysis
Technical Features,Database of known scam patterns
Technical Features,Machine learning pipeline
Technical Features,Automated content classification
Technical Features,Multi-language support
Technical Features,Scalable architecture
Technical Features,Data privacy protection
Technical Features,Performance monitoring
