Type,Method
AI/ML Methods,Natural Language Processing (NLP) for text analysis
AI/ML Methods,Computer Vision for video content analysis
AI/ML Methods,Behavioral pattern recognition
AI/ML Methods,Anomaly detection algorithms
AI/ML Methods,Sentiment analysis
AI/ML Methods,Image recognition and comparison
AI/ML Methods,Audio analysis for voice cloning detection
AI/ML Methods,Machine learning classification models
AI/ML Methods,Neural networks for deepfake detection
AI/ML Methods,Time series analysis for activity patterns
Traditional Methods,Rule-based filtering
Traditional Methods,Keyword blacklisting
Traditional Methods,URL reputation checking
Traditional Methods,Account verification checks
Traditional Methods,Manual review processes
Traditional Methods,Community reporting systems
Traditional Methods,Hash-based content matching
Traditional Methods,IP address monitoring
Traditional Methods,Device fingerprinting
Traditional Methods,Rate limiting and throttling
