Category,Indicator
Video Content,Promises of easy money/get-rich-quick schemes
Video Content,Fake giveaways with suspicious requirements
Video Content,Investment opportunities with unrealistic returns
Video Content,Impersonation of celebrities or verified accounts
Video Content,Urgent language creating time pressure
Video Content,Requests for personal information
Video Content,Links to external websites
Video Content,Cryptocurrency promotion schemes
Video Content,Fake product advertisements
Video Content,Romance scam patterns
Account Behavior,Low follower count with high engagement on specific posts
Account Behavior,Recently created account
Account Behavior,Missing profile picture or stolen images
Account Behavior,Inconsistent content quality
Account Behavior,Repetitive content patterns
Account Behavior,Bio links to questionable websites
Account Behavior,Fake verification attempts
Account Behavior,Unusual follower/following ratios
Account Behavior,Account with few followers but many sponsored posts
Account Behavior,Profile inconsistencies
Behavioral Patterns,Mass messaging to followers
Behavioral Patterns,Automated responses
Behavioral Patterns,Posting frequency spikes
Behavioral Patterns,Copy-paste comments across videos
Behavioral Patterns,Targeting specific demographic groups
Behavioral Patterns,Cross-platform identical content
Behavioral Patterns,Suspicious interaction patterns
Behavioral Patterns,Bot-like engagement timing
Behavioral Patterns,Rapid content deletion after posting
Behavioral Patterns,Coordinated inauthentic behavior
